section,category,field,value
1,Recommendation,Representation,"incident.recommended_action dictionary with keys: action, reason, risk"
1,Recommendation,Current_Phase_8A_Value,"action='restart node_exporter'"
1,Recommendation,Source_File,"incident_intelligence/engine.py"
2,Approval,Object,"RemediationApproval"
2,Approval,Fields,"action_id, approved, approver, approval_reason, approved_at"
2,Approval,Explicit_Approval_Value,"RemediationApproval(action_id='restart_node_exporter', approved=True, approver='...', approval_reason='...')"
2,Approval,Without_Approval,"Execution blocked; status='blocked'"
2,Approval,Distinguishable_From_Recommendation,"Yes. Recommendation is Incident.recommended_action; approval is a separate RemediationApproval object"
3,Allowlist,Supported_Actions,"{'restart_node_exporter'}"
3,Allowlist,Exact_Value,"ALLOWED_ACTIONS = {'restart_node_exporter'}"
3,Allowlist,Only_Allowed_Action,"restart_node_exporter"
3,Allowlist,Validation,"validate_action_for_incident() rejects anything not in ALLOWED_ACTIONS"
4,Execution,Function,"execute_human_approved_remediation(incident, approval, *, dry_run=True)"
4,Execution,Arbitrary_Shell_Protection,"No subprocess.run; no generic command interface; allowlist restricts to restart_node_exporter"
4,Execution,Current_Behavior,"status='blocked' when approval invalid; status='dry_run' when valid and dry_run=True; status='not_executed' when dry_run=False"
5,Verification,Function,"verify_node_exporter_recovery(...)"
5,Verification,Checks,"exporter_health, prometheus_target_up, alert_cleared, alb_healthy, app_healthy"
5,Verification,Node_Exporter_Recovery,"Yes, via exporter_health"
5,Verification,Prometheus_Target_Recovery,"Yes, via prometheus_target_up"
5,Verification,Alert_Recovery,"Yes, via alert_cleared"
5,Verification,ALB_Application_Health,"Yes, via alb_healthy and app_healthy"
5,Verification,Status_Rule,"verified only if all five flags are True; otherwise failed"
6,Closure,Condition,"close_incident_if_verified(verification) returns True only when verification.status == 'verified'"
6,Closure,Required_Conditions,"exporter_health=True AND prometheus_target_up=True AND alert_cleared=True AND alb_healthy=True AND app_healthy=True"
7,Safety,Control_1,"ALLOWED_ACTIONS fixed to {'restart_node_exporter'}"
7,Safety,Control_2,"approval.validate() requires explicit approved=True"
7,Safety,Control_3,"validate_action_for_incident() enforces allowlist + incident category + recommendation match"
7,Safety,Control_4,"execute_human_approved_remediation() blocks invalid execution"
7,Safety,Control_5,"dry_run=True by default"
7,Safety,Control_6,"No arbitrary shell execution support"
7,Safety,Control_7,"No AWS call path in remediation.py"
7,Safety,Control_8,"No automatic trigger from analyze()"
7,Safety,Path_Without_Approval,"None in current code path"
7,Safety,Arbitrary_Command_Execution_Capability,"None"
8,Tests,Test_1,"test_node_exporter_down_with_healthy_alb_is_monitoring_incident"
8,Tests,Test_1_Mapping,"Phase 8A RCA baseline + recommendation exists"
8,Tests,Test_2,"test_unhealthy_alb_target_is_not_misclassified_as_monitoring_failure"
8,Tests,Test_2_Mapping,"Phase 8A classification safety"
8,Tests,Test_3,"test_high_cpu_is_resource_saturation"
8,Tests,Test_3_Mapping,"Phase 8A CPU classification"
8,Tests,Test_4,"test_high_memory_is_resource_saturation"
8,Tests,Test_4_Mapping,"Phase 8A memory classification"
8,Tests,Test_5,"test_alb_and_http_failure_remains_customer_impacting_triage"
8,Tests,Test_5_Mapping,"Phase 8A customer-impact semantics"
8,Tests,Test_6,"test_related_node_alerts_correlate_to_one_incident"
8,Tests,Test_6_Mapping,"Phase 8A alert correlation"
8,Tests,Test_7,"test_phase_8b_approval_requires_allowlisted_action"
8,Tests,Test_7_Mapping,"Allowlist exact value"
8,Tests,Test_8,"test_phase_8b_human_approval_is_required_before_execution"
8,Tests,Test_8_Mapping,"Explicit approval gate"
8,Tests,Test_9,"test_phase_8b_approved_restart_node_exporter_prepare_is_safe"
8,Tests,Test_9_Mapping,"Approved allowlisted action stays safe and dry_run"
8,Tests,Test_10,"test_phase_8b_verification_marks_incident_closed_when_recovery_is_observed"
8,Tests,Test_10_Mapping,"Verification and closure logic"
9,Architecture,Phase_8A_RCA_Change,"Phase 8A RCA remains unchanged"
9,Architecture,Dependency,"Phase 8A analysis produces Incident.recommended_action; Phase 8B consumes that recommendation and validates approval before any execution path"
10,Gap_Analysis,Implemented_And_Tested,"Allowlist; approval gate; recommendation/incident match check; dry-run gate; verification; closure condition; safety checks"
10,Gap_Analysis,Implemented_But_Not_Exercised_Against_AWS,"Real host/AWS execution adapter; live service restart; live verification against real Prometheus/Alertmanager/Grafana/EC2"
10,Gap_Analysis,Not_Implemented_Yet,"Actual node_exporter restart mechanism; production-facing approval UX; live execution adapter; real recovery checks against deployed services"
status,overall,Review_Completed,"Yes"
status,overall,Files_Reviewed,"incident_intelligence/remediation.py, incident_intelligence/engine.py, incident_intelligence/model.py, tests/test_incident_intelligence.py"
status,overall,No_File_Changes_Made,"Yes"
